{"stats":{"minecraft:crafted":{"minecraft:wooden_sword":2,"minecraft:oak_planks":12,"minecraft:iron_axe":1,"minecraft:stone_pickaxe":1,"minecraft:wheat":36,"minecraft:crafting_table":4,"minecraft:jungle_boat":1,"minecraft:wooden_pickaxe":1,"minecraft:iron_helmet":1,"minecraft:iron_sword":2,"botania:lexicon":1,"minecraft:stone_axe":1,"minecraft:bread":12,"minecraft:jungle_planks":56,"minecraft:iron_chestplate":1,"minecraft:stick":20,"minecraft:wooden_axe":2,"minecraft:iron_leggings":2,"minecraft:torch":4,"minecraft:shears":1},"minecraft:mined":{"minecraft:dark_oak_planks":2,"minecraft:spruce_planks":23,"minecraft:jungle_slab":4,"minecraft:jungle_leaves":2,"minecraft:granite":3,"minecraft:grass_block":3,"minecraft:jungle_planks":5,"minecraft:jungle_log":14,"botania:cyan_double_flower":1,"minecraft:spawner":5,"minecraft:hay_block":4,"botania:magenta_mystical_flower":1,"minecraft:barrel":1,"minecraft:vine":5,"minecraft:stone":9,"minecraft:spruce_slab":3,"minecraft:oak_slab":1,"minecraft:polished_granite":3,"minecraft:crafting_table":4,"botania:blue_mystical_flower":3,"minecraft:oak_planks":3,"minecraft:spruce_stairs":1,"botania:cyan_mystical_flower":3,"byg:short_grass":1,"minecraft:grass":2,"minecraft:oak_log":4,"minecraft:coal_ore":18,"minecraft:smooth_quartz":2,"minecraft:gravel":2,"minecraft:dirt":2,"minecraft:crimson_planks":9,"minecraft:cobweb":2,"minecraft:dispenser":1,"minecraft:oak_leaves":7,"botania:magenta_double_flower":1,"minecraft:fern":1},"minecraft:custom":{"minecraft:mob_kills":77,"minecraft:interact_with_crafting_table":15,"minecraft:open_barrel":20,"minecraft:bell_ring":3,"minecraft:damage_dealt_resisted":52,"minecraft:leave_game":6,"minecraft:time_since_death":0,"minecraft:climb_one_cm":28163,"minecraft:sprint_one_cm":92822,"minecraft:walk_one_cm":143662,"minecraft:drop":36,"minecraft:deaths":15,"minecraft:sneak_time":4172,"minecraft:walk_under_water_one_cm":8934,"minecraft:jump":1340,"minecraft:walk_on_water_one_cm":25484,"minecraft:interact_with_furnace":2,"tombstone:raider_killed":40,"minecraft:play_one_minute":118743,"minecraft:time_since_rest":221,"minecraft:damage_taken":6927,"minecraft:trigger_trapped_chest":1,"minecraft:damage_dealt":18172,"minecraft:swim_one_cm":45197,"minecraft:fly_one_cm":348874,"minecraft:open_chest":21,"minecraft:crouch_one_cm":9270,"tombstone:undead_killed":16,"minecraft:fall_one_cm":76891,"minecraft:inspect_dispenser":3},"minecraft:killed_by":{"minecraft:vindicator":7,"iceandfire:ice_dragon":1,"minecraft:skeleton":3,"minecraft:zombie":1},"minecraft:dropped":{"minecraft:iron_sword":4,"minecraft:oak_slab":1,"minecraft:wheat_seeds":2,"minecraft:iron_helmet":1,"iceandfire:ectoplasm":2,"minecraft:spruce_stairs":3,"minecraft:pufferfish":1,"minecraft:stick":4,"minecraft:wither_rose":1,"minecraft:stone_axe":1,"minecraft:cocoa_beans":6,"minecraft:rotten_flesh":4,"minecraft:oak_planks":1,"minecraft:iron_boots":5,"minecraft:jungle_trapdoor":1,"minecraft:gunpowder":2,"minecraft:spruce_planks":10,"minecraft:skeleton_skull":3,"minecraft:spruce_slab":2,"minecraft:stripped_crimson_hyphae":1,"minecraft:wooden_pickaxe":1,"minecraft:polished_granite":3},"minecraft:used":{"minecraft:flint_and_steel":1,"minecraft:dispenser":1,"minecraft:spruce_planks":18,"minecraft:iron_sword":146,"minecraft:bell":1,"minecraft:torch":3,"minecraft:dirt":5,"minecraft:mutton":3,"minecraft:jungle_planks":33,"minecraft:jungle_slab":5,"minecraft:wooden_axe":76,"minecraft:dark_oak_planks":1,"minecraft:iron_axe":2,"minecraft:crimson_planks":6,"minecraft:barrel":1,"tombstone:gift":4,"minecraft:stone_pickaxe":48,"minecraft:oak_planks":1,"minecraft:wooden_pickaxe":5,"minecraft:jungle_boat":1,"minecraft:crafting_table":8,"byg:red_birch_sapling":1,"minecraft:bread":24,"tombstone:grave_key":8,"minecraft:stone_axe":65,"minecraft:wooden_sword":164,"minecraft:cobblestone":3},"minecraft:picked_up":{"minecraft:cocoa_beans":3,"minecraft:crafting_table":4,"minecraft:enchanted_book":2,"minecraft:wither_rose":1,"minecraft:crimson_planks":6,"minecraft:jungle_trapdoor":1,"minecraft:string":2,"minecraft:pufferfish":1,"botania:magenta_mystical_flower":1,"minecraft:spruce_planks":27,"minecraft:beef":5,"minecraft:spruce_slab":1,"minecraft:iron_boots":3,"minecraft:stripped_crimson_hyphae":1,"minecraft:spruce_stairs":3,"tombstone:grave_dust":8,"byg:red_birch_sapling":1,"minecraft:dark_oak_planks":2,"minecraft:arrow":31,"minecraft:rotten_flesh":4,"minecraft:hay_block":4,"botania:blue_mystical_flower":3,"minecraft:mutton":11,"minecraft:cobblestone":9,"minecraft:jungle_log":24,"minecraft:leather":4,"minecraft:flint":1,"minecraft:oak_log":3,"minecraft:gunpowder":2,"scalinghealth:heart_crystal":5,"minecraft:dirt":5,"tombstone:gift":1,"minecraft:polished_granite":3,"minecraft:bone":6,"botania:cyan_mystical_flower":2,"minecraft:wheat_seeds":2,"minecraft:iron_ingot":30,"minecraft:iron_sword":1,"minecraft:oak_planks":3,"aquaculture:atlantic_herring":1,"minecraft:oak_slab":1,"minecraft:jungle_planks":7,"minecraft:jungle_slab":5,"minecraft:barrel":1,"minecraft:dispenser":1,"minecraft:iron_helmet":5,"minecraft:emerald":17,"minecraft:oak_sapling":1,"minecraft:coal":18},"minecraft:broken":{"minecraft:wooden_sword":2,"minecraft:leather_boots":1,"minecraft:wooden_axe":2},"minecraft:killed":{"minecraft:vindicator":25,"minecraft:skeleton":6,"minecraft:zombie_villager":2,"minecraft:creeper":1,"minecraft:sheep":8,"minecraft:pillager":15,"minecraft:zombie":6,"iceandfire:ghost":2,"minecraft:cow":3}},"DataVersion":2586}