{"stats":{"minecraft:killed_by":{"minecraft:vindicator":7,"minecraft:skeleton":2,"minecraft:zombie":1},"minecraft:custom":{"minecraft:mob_kills":59,"tombstone:raider_killed":40,"minecraft:interact_with_crafting_table":15,"minecraft:open_barrel":20,"minecraft:play_one_minute":98943,"minecraft:damage_dealt_resisted":52,"minecraft:leave_game":1,"minecraft:time_since_death":0,"minecraft:climb_one_cm":26542,"minecraft:time_since_rest":99,"minecraft:sprint_one_cm":60647,"minecraft:damage_taken":5443,"minecraft:walk_one_cm":108443,"minecraft:trigger_trapped_chest":1,"minecraft:drop":27,"minecraft:damage_dealt":14473,"minecraft:swim_one_cm":44505,"minecraft:fly_one_cm":227677,"minecraft:open_chest":8,"minecraft:crouch_one_cm":7340,"tombstone:undead_killed":7,"minecraft:deaths":11,"minecraft:sneak_time":3787,"minecraft:walk_under_water_one_cm":8857,"minecraft:jump":962,"minecraft:walk_on_water_one_cm":22517,"minecraft:fall_one_cm":41670,"minecraft:inspect_dispenser":3},"minecraft:killed":{"minecraft:vindicator":25,"minecraft:skeleton":3,"minecraft:pillager":15,"minecraft:zombie":2,"iceandfire:ghost":2,"minecraft:cow":3},"minecraft:dropped":{"minecraft:iron_sword":2,"minecraft:stone_axe":1,"minecraft:oak_slab":1,"minecraft:wheat_seeds":1,"minecraft:cocoa_beans":6,"minecraft:oak_planks":1,"minecraft:iron_boots":2,"iceandfire:ectoplasm":2,"minecraft:jungle_trapdoor":1,"minecraft:spruce_stairs":3,"minecraft:pufferfish":1,"minecraft:stick":4,"minecraft:gunpowder":2,"minecraft:spruce_planks":10,"minecraft:skeleton_skull":3,"minecraft:spruce_slab":2,"minecraft:stripped_crimson_hyphae":1,"minecraft:wooden_pickaxe":1,"minecraft:polished_granite":3},"minecraft:broken":{"minecraft:wooden_sword":2,"minecraft:leather_boots":1,"minecraft:wooden_axe":2},"minecraft:mined":{"minecraft:dark_oak_planks":2,"minecraft:oak_slab":1,"minecraft:spruce_planks":23,"minecraft:jungle_slab":4,"minecraft:jungle_leaves":2,"minecraft:polished_granite":3,"minecraft:crafting_table":4,"minecraft:granite":3,"minecraft:grass_block":3,"minecraft:jungle_planks":5,"minecraft:jungle_log":14,"botania:blue_mystical_flower":3,"minecraft:oak_planks":3,"minecraft:spawner":2,"minecraft:spruce_stairs":1,"minecraft:hay_block":4,"botania:magenta_mystical_flower":1,"minecraft:barrel":1,"minecraft:grass":2,"minecraft:oak_log":4,"minecraft:coal_ore":15,"minecraft:vine":5,"minecraft:gravel":2,"minecraft:dirt":2,"minecraft:crimson_planks":9,"minecraft:cobweb":2,"minecraft:dispenser":1,"minecraft:stone":9,"minecraft:oak_leaves":3,"minecraft:spruce_slab":1,"botania:magenta_double_flower":1},"minecraft:used":{"minecraft:flint_and_steel":1,"minecraft:stone_pickaxe":40,"minecraft:dispenser":1,"minecraft:oak_planks":1,"minecraft:spruce_planks":18,"minecraft:wooden_pickaxe":5,"minecraft:iron_sword":49,"minecraft:jungle_boat":1,"minecraft:torch":3,"minecraft:dirt":5,"minecraft:crafting_table":8,"minecraft:jungle_planks":33,"minecraft:jungle_slab":5,"minecraft:dark_oak_planks":1,"minecraft:wooden_axe":76,"minecraft:bread":22,"tombstone:grave_key":6,"minecraft:barrel":1,"minecraft:crimson_planks":6,"minecraft:wooden_sword":164,"minecraft:stone_axe":65,"minecraft:cobblestone":3,"tombstone:gift":2},"minecraft:crafted":{"minecraft:wooden_sword":2,"minecraft:oak_planks":12,"minecraft:crafting_table":4,"minecraft:jungle_boat":1,"minecraft:iron_helmet":1,"minecraft:wooden_pickaxe":1,"minecraft:iron_sword":2,"minecraft:stone_axe":1,"minecraft:bread":12,"minecraft:jungle_planks":56,"minecraft:iron_chestplate":1,"minecraft:iron_axe":1,"minecraft:stick":20,"minecraft:stone_pickaxe":1,"minecraft:wooden_axe":2,"minecraft:iron_leggings":2,"minecraft:torch":4,"minecraft:wheat":36},"minecraft:picked_up":{"minecraft:cocoa_beans":3,"minecraft:crafting_table":4,"minecraft:jungle_log":24,"minecraft:leather":4,"minecraft:wither_rose":1,"minecraft:enchanted_book":1,"minecraft:flint":1,"minecraft:oak_log":3,"minecraft:crimson_planks":6,"scalinghealth:heart_crystal":3,"minecraft:string":2,"minecraft:jungle_trapdoor":1,"minecraft:dirt":5,"minecraft:polished_granite":3,"minecraft:bone":4,"minecraft:pufferfish":1,"botania:magenta_mystical_flower":1,"minecraft:wheat_seeds":1,"minecraft:spruce_planks":27,"minecraft:beef":5,"minecraft:iron_ingot":30,"minecraft:spruce_slab":1,"minecraft:oak_planks":3,"aquaculture:atlantic_herring":1,"minecraft:iron_boots":3,"minecraft:oak_slab":1,"minecraft:stripped_crimson_hyphae":1,"minecraft:spruce_stairs":3,"minecraft:jungle_planks":7,"tombstone:grave_dust":4,"minecraft:jungle_slab":5,"minecraft:barrel":1,"minecraft:dark_oak_planks":2,"minecraft:dispenser":1,"minecraft:arrow":2,"minecraft:iron_helmet":5,"minecraft:hay_block":4,"botania:blue_mystical_flower":3,"minecraft:emerald":17,"minecraft:coal":15,"minecraft:cobblestone":9}},"DataVersion":2586}