{"stats":{"minecraft:killed":{"minecraft:skeleton":2},"minecraft:custom":{"minecraft:time_since_rest":9692,"minecraft:sprint_one_cm":27949,"minecraft:damage_taken":1151,"minecraft:walk_one_cm":34968,"minecraft:mob_kills":2,"minecraft:drop":1,"minecraft:damage_dealt":733,"minecraft:swim_one_cm":1057,"minecraft:interact_with_crafting_table":4,"minecraft:fly_one_cm":143427,"minecraft:crouch_one_cm":2258,"minecraft:play_one_minute":53578,"minecraft:deaths":3,"tombstone:undead_killed":2,"minecraft:sneak_time":908,"minecraft:walk_under_water_one_cm":262,"minecraft:jump":404,"minecraft:time_since_death":9907,"minecraft:walk_on_water_one_cm":5540,"minecraft:climb_one_cm":14990,"minecraft:fall_one_cm":20599},"minecraft:used":{"minecraft:wooden_axe":18,"minecraft:stone_pickaxe":22,"minecraft:wooden_pickaxe":5,"tombstone:grave_key":3,"minecraft:stone_axe":1,"minecraft:wooden_sword":23,"minecraft:dirt":5,"minecraft:crafting_table":3,"minecraft:jungle_planks":20,"tombstone:gift":2},"minecraft:mined":{"minecraft:jungle_leaves":2,"minecraft:crafting_table":3,"minecraft:grass":1,"minecraft:coal_ore":15,"minecraft:grass_block":3,"minecraft:vine":4,"minecraft:jungle_log":14,"minecraft:dirt":2,"botania:blue_mystical_flower":3,"minecraft:stone":9,"minecraft:oak_leaves":3},"minecraft:crafted":{"minecraft:crafting_table":1,"minecraft:stick":8,"minecraft:wooden_pickaxe":1,"minecraft:stone_pickaxe":1,"minecraft:wooden_axe":1,"minecraft:stone_axe":1,"minecraft:jungle_planks":56},"minecraft:dropped":{"minecraft:wheat_seeds":1},"minecraft:killed_by":{"minecraft:skeleton":2},"minecraft:picked_up":{"minecraft:cocoa_beans":3,"minecraft:crafting_table":3,"minecraft:jungle_log":24,"minecraft:dirt":5,"minecraft:bone":2,"minecraft:arrow":1,"minecraft:wheat_seeds":1,"botania:blue_mystical_flower":3,"minecraft:coal":15,"minecraft:cobblestone":9}},"DataVersion":2586}