{"stats":{"minecraft:killed":{"minecraft:magma_cube":2},"minecraft:custom":{"minecraft:time_since_rest":9503,"minecraft:play_one_minute":18024,"minecraft:crouch_one_cm":123,"minecraft:deaths":1,"minecraft:sprint_one_cm":34584,"minecraft:damage_taken":564,"minecraft:walk_one_cm":37817,"minecraft:sneak_time":70,"minecraft:walk_under_water_one_cm":107,"minecraft:mob_kills":3,"minecraft:drop":2,"minecraft:jump":301,"minecraft:damage_dealt":146,"minecraft:leave_game":1,"minecraft:time_since_death":10186,"minecraft:walk_on_water_one_cm":5319,"minecraft:climb_one_cm":12163,"minecraft:swim_one_cm":481,"minecraft:fall_one_cm":9747,"minecraft:fly_one_cm":38727},"minecraft:used":{"minecraft:wooden_sword":14,"minecraft:dirt":9,"minecraft:bread":4,"alexsmobs:animal_dictionary":1},"minecraft:mined":{"botania:cyan_mystical_flower":1,"minecraft:grass":1,"minecraft:grass_block":9,"minecraft:vine":1,"minecraft:jungle_log":1,"botania:cyan_double_flower":1,"minecraft:fire":29,"botania:brown_mystical_flower":5},"minecraft:crafted":{"minecraft:jungle_planks":4},"minecraft:dropped":{"minecraft:wheat_seeds":2},"minecraft:killed_by":{"minecraft:skeleton":1},"minecraft:picked_up":{"minecraft:jungle_log":1,"botania:cyan_mystical_flower":1,"minecraft:arrow":2,"minecraft:wheat_seeds":2,"botania:brown_mystical_flower":5,"minecraft:dirt":9}},"DataVersion":2586}