{"stats":{"minecraft:crafted":{"minecraft:wooden_sword":4,"minecraft:oak_planks":24,"minecraft:crafting_table":2,"byg:zelkova_planks":4,"minecraft:jungle_planks":4,"minecraft:stick":4,"minecraft:iron_pickaxe":1,"minecraft:stone_sword":1},"minecraft:mined":{"minecraft:spruce_planks":2,"byg:zelkova_log":1,"minecraft:crafting_table":3,"minecraft:stripped_crimson_hyphae":1,"minecraft:grass_block":9,"minecraft:spruce_fence":2,"minecraft:jungle_planks":1,"minecraft:jungle_log":1,"botania:cyan_double_flower":1,"taiga:duranite_ore":1,"minecraft:tall_grass":3,"minecraft:wall_torch":1,"minecraft:large_fern":2,"minecraft:hay_block":2,"botania:cyan_mystical_flower":1,"minecraft:sweet_berry_bush":2,"minecraft:fire":30,"minecraft:grass":23,"minecraft:oak_log":5,"minecraft:coal_ore":4,"minecraft:vine":2,"botania:brown_mystical_flower":5,"minecraft:stone":7,"minecraft:fern":1},"minecraft:custom":{"minecraft:mob_kills":43,"tombstone:raider_killed":22,"minecraft:interact_with_crafting_table":10,"minecraft:open_barrel":20,"minecraft:play_one_minute":86538,"minecraft:leave_game":3,"minecraft:time_since_death":32100,"minecraft:sleep_in_bed":1,"minecraft:climb_one_cm":18417,"minecraft:time_since_rest":12543,"minecraft:sprint_one_cm":208082,"minecraft:damage_taken":5688,"minecraft:walk_one_cm":188531,"minecraft:trigger_trapped_chest":4,"minecraft:drop":12,"minecraft:damage_dealt":9393,"minecraft:swim_one_cm":61772,"minecraft:fly_one_cm":242493,"minecraft:open_chest":12,"minecraft:crouch_one_cm":1111,"minecraft:sneak_time":590,"tombstone:undead_killed":5,"minecraft:deaths":13,"minecraft:walk_under_water_one_cm":6002,"minecraft:jump":1364,"minecraft:walk_on_water_one_cm":26995,"minecraft:fall_one_cm":32669,"minecraft:inspect_dispenser":3},"minecraft:killed_by":{"minecraft:vindicator":11,"minecraft:skeleton":1,"iceandfire:ghost":1},"minecraft:dropped":{"minecraft:wheat_seeds":3,"minecraft:purple_banner":1,"minecraft:oak_fence":1,"minecraft:rotten_flesh":2,"minecraft:jungle_trapdoor":1,"botania:cyan_mystical_flower":1,"aquaculture:atlantic_herring":1,"minecraft:spruce_slab":1,"iceandfire:manuscript":1},"minecraft:used":{"minecraft:stone_sword":68,"minecraft:flint_and_steel":2,"minecraft:oak_planks":8,"minecraft:ladder":1,"minecraft:wooden_pickaxe":12,"minecraft:torch":1,"minecraft:dirt":9,"scalinghealth:heart_crystal":3,"minecraft:oak_slab":1,"minecraft:crafting_table":4,"minecraft:spruce_stairs":2,"minecraft:spruce_fence":2,"minecraft:apple":4,"minecraft:bread":10,"tombstone:grave_key":3,"minecraft:wooden_sword":315,"minecraft:beef":12,"minecraft:sweet_berries":9,"minecraft:porkchop":4,"tombstone:gift":6,"alexsmobs:animal_dictionary":1},"minecraft:picked_up":{"minecraft:crafting_table":3,"minecraft:ladder":1,"minecraft:jungle_log":1,"minecraft:wooden_pickaxe":1,"minecraft:enchanted_book":1,"minecraft:oak_log":6,"minecraft:crimson_planks":3,"minecraft:gunpowder":2,"scalinghealth:heart_crystal":4,"minecraft:jungle_trapdoor":1,"minecraft:dirt":9,"tombstone:gift":1,"minecraft:wooden_sword":1,"minecraft:iron_leggings":8,"minecraft:purple_banner":1,"botania:cyan_mystical_flower":1,"minecraft:wheat_seeds":3,"byg:zelkova_log":1,"minecraft:spruce_planks":2,"minecraft:iron_sword":2,"minecraft:iron_boots":5,"minecraft:oak_slab":1,"minecraft:sweet_berries":8,"minecraft:oak_fence":1,"minecraft:torch":1,"minecraft:spruce_stairs":2,"minecraft:spruce_fence":2,"minecraft:porkchop":9,"minecraft:jungle_planks":1,"minecraft:arrow":2,"minecraft:rotten_flesh":2,"taiga:duranite_ore":1,"minecraft:iron_helmet":5,"minecraft:hay_block":2,"minecraft:emerald":10,"minecraft:skeleton_skull":2,"botania:brown_mystical_flower":5,"minecraft:coal":4,"minecraft:cobblestone":4},"minecraft:broken":{"minecraft:wooden_sword":6,"minecraft:leather_boots":1},"minecraft:killed":{"minecraft:magma_cube":2,"minecraft:pig":7,"minecraft:vindicator":18,"minecraft:sheep":7,"minecraft:pillager":4,"minecraft:zombie":2,"iceandfire:ghost":3,"minecraft:chicken":1,"minecraft:cow":4}},"DataVersion":2586}