{"stats":{"minecraft:killed_by":{"minecraft:vindicator":11,"minecraft:skeleton":1,"iceandfire:ghost":1},"minecraft:custom":{"minecraft:mob_kills":24,"tombstone:raider_killed":22,"minecraft:interact_with_crafting_table":8,"minecraft:open_barrel":18,"minecraft:play_one_minute":61294,"minecraft:leave_game":2,"minecraft:time_since_death":6856,"minecraft:climb_one_cm":17793,"minecraft:time_since_rest":6568,"minecraft:sprint_one_cm":82352,"minecraft:damage_taken":5189,"minecraft:walk_one_cm":135061,"minecraft:trigger_trapped_chest":2,"minecraft:drop":10,"minecraft:damage_dealt":6865,"minecraft:swim_one_cm":58901,"minecraft:fly_one_cm":94983,"minecraft:open_chest":6,"minecraft:crouch_one_cm":1111,"tombstone:undead_killed":2,"minecraft:deaths":13,"minecraft:sneak_time":585,"minecraft:walk_under_water_one_cm":5333,"minecraft:jump":760,"minecraft:walk_on_water_one_cm":22933,"minecraft:fall_one_cm":16088,"minecraft:inspect_dispenser":3},"minecraft:killed":{"minecraft:magma_cube":2,"minecraft:pig":3,"minecraft:vindicator":18,"minecraft:pillager":4,"minecraft:zombie":1,"iceandfire:ghost":1},"minecraft:dropped":{"minecraft:wheat_seeds":2,"minecraft:purple_banner":1,"minecraft:oak_fence":1,"minecraft:rotten_flesh":2,"minecraft:jungle_trapdoor":1,"botania:cyan_mystical_flower":1,"aquaculture:atlantic_herring":1,"minecraft:spruce_slab":1},"minecraft:broken":{"minecraft:wooden_sword":6,"minecraft:leather_boots":1},"minecraft:mined":{"minecraft:spruce_planks":2,"byg:zelkova_log":1,"minecraft:crafting_table":1,"minecraft:stripped_crimson_hyphae":1,"minecraft:grass_block":9,"minecraft:spruce_fence":2,"minecraft:jungle_planks":1,"minecraft:jungle_log":1,"botania:cyan_double_flower":1,"minecraft:tall_grass":1,"minecraft:wall_torch":1,"minecraft:large_fern":1,"minecraft:hay_block":1,"botania:cyan_mystical_flower":1,"minecraft:fire":30,"minecraft:grass":21,"minecraft:coal_ore":4,"minecraft:oak_log":5,"minecraft:vine":1,"botania:brown_mystical_flower":5,"minecraft:stone":4,"minecraft:fern":1},"minecraft:used":{"minecraft:flint_and_steel":2,"minecraft:oak_planks":3,"minecraft:ladder":1,"minecraft:wooden_pickaxe":8,"minecraft:torch":1,"minecraft:dirt":9,"scalinghealth:heart_crystal":3,"minecraft:oak_slab":1,"minecraft:crafting_table":2,"minecraft:spruce_stairs":2,"minecraft:spruce_fence":2,"minecraft:bread":9,"tombstone:grave_key":3,"minecraft:wooden_sword":315,"minecraft:beef":7,"tombstone:gift":6,"alexsmobs:animal_dictionary":1},"minecraft:crafted":{"minecraft:wooden_sword":4,"minecraft:oak_planks":24,"minecraft:crafting_table":2,"byg:zelkova_planks":4,"minecraft:jungle_planks":4,"minecraft:stick":4},"minecraft:picked_up":{"minecraft:crafting_table":1,"minecraft:ladder":1,"minecraft:jungle_log":1,"minecraft:wooden_pickaxe":1,"minecraft:enchanted_book":1,"minecraft:oak_log":6,"minecraft:crimson_planks":3,"minecraft:gunpowder":2,"scalinghealth:heart_crystal":3,"minecraft:jungle_trapdoor":1,"minecraft:dirt":9,"tombstone:gift":1,"minecraft:wooden_sword":1,"minecraft:iron_leggings":8,"minecraft:purple_banner":1,"botania:cyan_mystical_flower":1,"minecraft:wheat_seeds":3,"byg:zelkova_log":1,"minecraft:spruce_planks":2,"minecraft:iron_sword":2,"minecraft:iron_boots":5,"minecraft:oak_slab":1,"minecraft:oak_fence":1,"minecraft:torch":1,"minecraft:spruce_stairs":2,"minecraft:porkchop":1,"minecraft:spruce_fence":2,"minecraft:jungle_planks":1,"minecraft:rotten_flesh":2,"minecraft:arrow":2,"minecraft:hay_block":1,"minecraft:iron_helmet":5,"minecraft:emerald":10,"minecraft:coal":4,"botania:brown_mystical_flower":5,"minecraft:skeleton_skull":2,"minecraft:cobblestone":4}},"DataVersion":2586}